Workbook

Sheet BOM
A1: # | B1: Subsystem | C1: Item | D1: Function / Notes | E1: Make or Buy | F1: Suggested Source / Standard | G1: Package Reference | H1: Qty (fill in) | I1: Unit Cost (fill in) | J1: Line Total
A2: 1 | B2: 1. Lyophilisation Vessel & Chamber | C2: Downward-conical vessel shell, double-jacketed | D2: Product-contact pressure/vacuum boundary; holds product through freeze+dry | E2: Contract out (specialist fabricator) for vacuum-rated unit; Make in-house for atmospheric mockup only | F2: ASME BPVC Sec. VIII Div.1 UG-28 to UG-30 / ASME BPE / PED (EU) | G2: 05, 09, 10 | J2: =IF(AND(ISNUMBER(H2),ISNUMBER(I2)),H2*I2,"")
A3: 2 | B3: 1. Lyophilisation Vessel & Chamber | C3: Top lid & clamp ring | D3: Closes vessel top; carries instrument/nozzle ports | E3: Make | F3: Sanitary tri-clamp style closure | G3: 05 | J3: =IF(AND(ISNUMBER(H3),ISNUMBER(I3)),H3*I3,"")
A4: 3 | B4: 1. Lyophilisation Vessel & Chamber | C4: Vacuum-rated sight glass | D4: Visual inspection during cycle | E4: Buy | F4: Vacuum-glass manufacturer, rated to full vacuum + cryo temp | G4: 05, 09 | J4: =IF(AND(ISNUMBER(H4),ISNUMBER(I4)),H4*I4,"")
A5: 4 | B5: 1. Lyophilisation Vessel & Chamber | C5: Lid instrument/nozzle bosses (illumination, vent valve, spray nozzle mounts) | D5: Mounting points for lid-mounted fittings | E5: Make | F5: Per NL2026893B1 lid fitting layout | G5: 05 | J5: =IF(AND(ISNUMBER(H5),ISNUMBER(I5)),H5*I5,"")
A6: 5 | B6: 1. Lyophilisation Vessel & Chamber | C6: Vessel support ring / lugs | D6: Structural support to frame | E6: Make | F6: Standard vessel-support engineering practice | G6: 05, 08 | J6: =IF(AND(ISNUMBER(H6),ISNUMBER(I6)),H6*I6,"")
A7: 6 | B7: 2. Agitator & Drive | C7: Agitator shaft & mixing element (screw/paddle/ribbon) | D7: Wall-scraping agitation; 0.5-15 mm (pref. 1-10 mm) wall clearance | E7: Make | F7: Per NL1022668C2 disclosed clearance range | G7: 05, 10 | J7: =IF(AND(ISNUMBER(H7),ISNUMBER(I7)),H7*I7,"")
A8: 7 | B8: 2. Agitator & Drive | C8: Magnetic coupling drive assembly | D8: Seal-less torque transmission through vessel wall | E8: Buy | F8: Mag-drive coupling manufacturer (pressure-reactor/pharma-mixer market) | G8: 05, 10 | J8: =IF(AND(ISNUMBER(H8),ISNUMBER(I8)),H8*I8,"")
A9: 8 | B9: 2. Agitator & Drive | C9: Rotary shaft seal (alternative to mag coupling) | D9: Lower-cost sealed shaft penetration | E9: Buy | F9: Vacuum/cryo-rated mechanical seal | G9: 05, 10 | J9: =IF(AND(ISNUMBER(H9),ISNUMBER(I9)),H9*I9,"")
A10: 9 | B10: 2. Agitator & Drive | C10: Agitator drive motor + gearbox + VFD | D10: Variable-speed rotation of agitator | E10: Buy | F10: Standard industrial motor/VFD | G10: 05, 08, 11 | J10: =IF(AND(ISNUMBER(H10),ISNUMBER(I10)),H10*I10,"")
A11: 10 | B11: 2. Agitator & Drive | C11: External bearing housing | D11: Keeps drive bearings outside cold zone | E11: Make | F11: Per NL1022668C2 | G11: 05 | J11: =IF(AND(ISNUMBER(H11),ISNUMBER(I11)),H11*I11,"")
A12: 11 | B12: 2. Agitator & Drive | C12: Agitator torque/current monitoring sensor | D12: In-process freeze/load indicator | E12: Buy | F12: Standard drive instrumentation | G12: 08, 11 | J12: =IF(AND(ISNUMBER(H12),ISNUMBER(I12)),H12*I12,"")
A13: 12 | B13: 2. Agitator & Drive | C13: Double mechanical seal + N2 barrier gas system (alternative to mag coupling / single seal) | D13: Sterile barrier gas held above process pressure; leak path runs into vessel, not out (file 05 addendum) | E13: Buy | F13: Aseptic reactor mechanical seal manufacturer (e.g. John Crane, EagleBurgmann, or equivalent) | G13: 05, 22 | J13: =IF(AND(ISNUMBER(H13),ISNUMBER(I13)),H13*I13,"")
A14: 13 | B14: 3. Vessel Jacket & TCU | C14: TCU (Temperature Control Unit) package | D14: Heats/cools jacket heat-transfer fluid across full cycle | E14: Buy (or assemble from purchased components) | F14: Industrial process-chiller/TCU manufacturer | G14: 06, 10 | J14: =IF(AND(ISNUMBER(H13),ISNUMBER(I13)),H13*I13,"")
A15: 14 | B15: 3. Vessel Jacket & TCU | C15: Heat-transfer fluid (silicone oil) | D15: Wide-range (-55C to +50C+) jacket fluid | E15: Buy (consumable) | F15: Silicone heat-transfer oil, freeze-dryer/reactor grade | G15: 06 | J15: =IF(AND(ISNUMBER(H14),ISNUMBER(I14)),H14*I14,"")
A16: 15 | B16: 3. Vessel Jacket & TCU | C16: Jacket circulation pump | D16: Circulates heat-transfer fluid through jacket | E16: Buy | F16: Standard process pump, fluid/viscosity rated | G16: 06 | J16: =IF(AND(ISNUMBER(H15),ISNUMBER(I15)),H15*I15,"")
A17: 16 | B17: 3. Vessel Jacket & TCU | C17: Jacket supply/return piping + insulation | D17: Delivers fluid to/from jacket | E17: Make (piping) / Buy (insulation) | F17: Insulated per ambient-loss and safety practice | G17: 07, 08 | J17: =IF(AND(ISNUMBER(H16),ISNUMBER(I16)),H16*I16,"")
A18: 17 | B18: 4. Refrigeration System | C18: Compressor(s) - cascade low & high stage | D18: Refrigeration duty for TCU (and condenser if shared plant) | E18: Buy | F18: Cascade refrigeration, e.g. ethane/R404A/ammonia low stage | G18: 06, 09 | J18: =IF(AND(ISNUMBER(H17),ISNUMBER(I17)),H17*I17,"")
A19: 18 | B19: 4. Refrigeration System | C19: Refrigerant charge | D19: Working fluid for refrigeration circuit | E19: Buy (licensed handling) | F19: Selection per GWP/flammability/toxicity tradeoffs | G19: 06, 09 | J19: =IF(AND(ISNUMBER(H18),ISNUMBER(I18)),H18*I18,"")
A20: 19 | B20: 4. Refrigeration System | C20: Refrigeration-side heat exchangers (condensers/evaporators) | D20: Refrigerant-to-fluid heat exchange | E20: Buy | F20: Standard refrigeration equipment | G20: 06 | J20: =IF(AND(ISNUMBER(H19),ISNUMBER(I19)),H19*I19,"")
A21: 20 | B21: 4. Refrigeration System | C21: Refrigerant piping, receivers, safety devices | D21: Refrigerant containment and relief | E21: Contract (licensed refrigeration technician) | F21: ASHRAE 15 / IIAR / local refrigeration code | G21: 09 | J21: =IF(AND(ISNUMBER(H20),ISNUMBER(I20)),H20*I20,"")
A22: 21 | B22: 4. Refrigeration System | C22: Oxygen-deficiency monitor | D22: Required if LN2/dry ice used for direct freezing | E22: Buy | F22: Confined-space cryogen safety practice | G22: 09 | J22: =IF(AND(ISNUMBER(H21),ISNUMBER(I21)),H21*I21,"")
A23: 22 | B23: 5. Vacuum System | C23: Dry screw pump / Roots blower train (2+ stage) | D23: Primary vacuum generation, oil-free | E23: Buy | F23: Per NL1022668C2: 2+ stage system suited to ~50 L charge | G23: 06, 10, 11 | J23: =IF(AND(ISNUMBER(H22),ISNUMBER(I22)),H22*I22,"")
A24: 23 | B24: 5. Vacuum System | C24: Backing pump | D24: Final stage of pump train | E24: Buy | F24: Matched to primary pump | G24: 06 | J24: =IF(AND(ISNUMBER(H23),ISNUMBER(I23)),H23*I23,"")
A25: 24 | B25: 5. Vacuum System | C25: Pirani gauge (chamber + condenser, x2) | D25: Thermal-conductivity pressure gauge; end-of-drying detection | E25: Buy | F25: Comparative pressure measurement practice (AAPS PharmSciTech 2017) | G25: 06, 08 | J25: =IF(AND(ISNUMBER(H24),ISNUMBER(I24)),H24*I24,"")
... A76: 75 | B76: 17. Safety Systems | C76: Combustible-gas / O2-deficiency monitors | D76: Refrigerant leak / cryogen asphyxiation detection | E76: Buy | F76: Standard refrigeration/cryogen safety practice | G76: 09 | J76: =IF(AND(ISNUMBER(H75),ISNUMBER(I75)),H75*I75,"")
A78: Legend:
A79: Yellow cells = fill in for your own build (Qty, Unit Cost). Left blank intentionally; no prices or quantities are invented in this package.
A80: 'Package Reference' = the numbered file in this documentation set that explains the rationale/citation for that line.

Sheet Summary
A1: AFD-Style Freeze Dryer — Replica Build BOM Summary
A3: # | B3: Subsystem | C3: Item Count | D3: Make Count | E3: Buy Count | F3: Contract/Other Count
A4: 1 | B4: 1. Lyophilisation Vessel & Chamber | C4: =COUNTIF(BOM!$B$2:$B$1000,B4) -> 5 | D4: =COUNTIFS(BOM!$B$2:$B$1000,B4,BOM!$E$2:$E$1000,"Make*") -> 3 | E4: =COUNTIFS(BOM!$B$2:$B$1000,B4,BOM!$E$2:$E$1000,"Buy*") -> 1 | F4: =C4-D4-E4 -> 1
A5: 2 | B5: 2. Agitator & Drive | C5: =COUNTIF(BOM!$B$2:$B$1000,B5) -> 7 | D5: =COUNTIFS(BOM!$B$2:$B$1000,B5,BOM!$E$2:$E$1000,"Make*") -> 2 | E5: =COUNTIFS(BOM!$B$2:$B$1000,B5,BOM!$E$2:$E$1000,"Buy*") -> 5 | F5: =C5-D5-E5 -> 0
A6: 3 | B6: 3. Vessel Jacket & TCU | C6: =COUNTIF(BOM!$B$2:$B$1000,B6) -> 4 | D6: =COUNTIFS(BOM!$B$2:$B$1000,B6,BOM!$E$2:$E$1000,"Make*") -> 1 | E6: =COUNTIFS(BOM!$B$2:$B$1000,B6,BOM!$E$2:$E$1000,"Buy*") -> 3 | F6: =C6-D6-E6 -> 0
A7: 4 | B7: 4. Refrigeration System | C7: =COUNTIF(BOM!$B$2:$B$1000,B7) -> 5 | D7: =COUNTIFS(BOM!$B$2:$B$1000,B7,BOM!$E$2:$E$1000,"Make*") -> 0 | E7: =COUNTIFS(BOM!$B$2:$B$1000,B7,BOM!$E$2:$E$1000,"Buy*") -> 4 | F7: =C7-D7-E7 -> 1
A8: 5 | B8: 5. Vacuum System | C8: =COUNTIF(BOM!$B$2:$B$1000,B8) -> 8 | D8: =COUNTIFS(BOM!$B$2:$B$1000,B8,BOM!$E$2:$E$1000,"Make*") -> 1 | E8: =COUNTIFS(BOM!$B$2:$B$1000,B8,BOM!$E$2:$E$1000,"Buy*") -> 7 | F8: =C8-D8-E8 -> 0
A9: 6 | B9: 6. Material Collector / Dust Filter | C9: =COUNTIF(BOM!$B$2:$B$1000,B9) -> 5 | D9: =COUNTIFS(BOM!$B$2:$B$1000,B9,BOM!$E$2:$E$1000,"Make*") -> 2 | E9: =COUNTIFS(BOM!$B$2:$B$1000,B9,BOM!$E$2:$E$1000,"Buy*") -> 3 | F9: =C9-D9-E9 -> 0
A10: 7 | B10: 7. Bottom Discharge Valve | C10: =COUNTIF(BOM!$B$2:$B$1000,B10) -> 3 | D10: =COUNTIFS(BOM!$B$2:$B$1000,B10,BOM!$E$2:$E$1000,"Make*") -> 0 | E10: =COUNTIFS(BOM!$B$2:$B$1000,B10,BOM!$E$2:$E$1000,"Buy*") -> 3 | F10: =C10-D10-E10 -> 0
A11: 8 | B11: 8. CIP System | C11: =COUNTIF(BOM!$B$2:$B$1000,B11) -> 3 | D11: =COUNTIFS(BOM!$B$2:$B$1000,B11,BOM!$E$2:$E$1000,"Make*") -> 1 | E11: =COUNTIFS(BOM!$B$2:$B$1000,B11,BOM!$E$2:$E$1000,"Buy*") -> 2 | F11: =C11-D11-E11 -> 0
A12: 9 | B12: 9. SIP System (optional) | C12: =COUNTIF(BOM!$B$2:$B$1000,B12) -> 3 | D12: =COUNTIFS(BOM!$B$2:$B$1000,B12,BOM!$E$2:$E$1000,"Make*") -> 0 | E12: =COUNTIFS(BOM!$B$2:$B$1000,B12,BOM!$E$2:$E$1000,"Buy*") -> 3 | F12: =C12-D12-E12 -> 0
A13: 10 | B13: 10. Seals, Gaskets & Insulation | C13: =COUNTIF(BOM!$B$2:$B$1000,B13) -> 5 | D13: =COUNTIFS(BOM!$B$2:$B$1000,B13,BOM!$E$2:$E$1000,"Make*") -> 1 | E13: =COUNTIFS(BOM!$B$2:$B$1000,B13,BOM!$E$2:$E$1000,"Buy*") -> 4 | F13: =C13-D13-E13 -> 0
A14: 11 | B14: 11. Instrumentation (general) | C14: =COUNTIF(BOM!$B$2:$B$1000,B14) -> 3 | D14: =COUNTIFS(BOM!$B$2:$B$1000,B14,BOM!$E$2:$E$1000,"Make*") -> 0 | E14: =COUNTIFS(BOM!$B$2:$B$1000,B14,BOM!$E$2:$E$1000,"Buy*") -> 3 | F14: =C14-D14-E14 -> 0
A15: 12 | B15: 12. Valves & Piping (general) | C15: =COUNTIF(BOM!$B$2:$B$1000,B15) -> 3 | D15: =COUNTIFS(BOM!$B$2:$B$1000,B15,BOM!$E$2:$E$1000,"Make*") -> 0 | E15: =COUNTIFS(BOM!$B$2:$B$1000,B15,BOM!$E$2:$E$1000,"Buy*") -> 2 | F15: =C15-D15-E15 -> 1
... A20: 17 | B20: 17. Safety Systems | C20: =COUNTIF(BOM!$B$2:$B$1000,B20) -> 5 | D20: =COUNTIFS(BOM!$B$2:$B$1000,B20,BOM!$E$2:$E$1000,"Make*") -> 1 | E20: =COUNTIFS(BOM!$B$2:$B$1000,B20,BOM!$E$2:$E$1000,"Buy*") -> 3 | F20: =C20-D20-E20 -> 1
B21: TOTAL | C21: =SUM(C4:C20) -> 75 | D21: =SUM(D4:D20) -> 16 | E21: =SUM(E4:E20) -> 55 | F21: =SUM(F4:F20) -> 4
A23: Estimated Total Build Cost (fill in BOM sheet's Qty/Unit Cost columns first):
A24: =SUM(BOM!J2:J1000) -> 0
